{		
    "1": [
        -0.5937666,
        0.684082,
        -0.5772033,
        0.3481369,
        0.0965215,
        0.3667577
    ],
    "2": [
        0.7946288,
        -0.4162117,
        0.1517516,
        -0.4744227,
        -0.193617,
        0.3375438
    ],
    "3": [
        -0.8574042,
        0.2909393,
        0.745526,
        0.5061621,
        -0.1202947,
        0.392672
    ],
    "4": [
        -0.3609459,
        -0.0422608,
        -0.9533574,
        -0.4942852,
        0.1140913,
        0.4222589
    ],
    "5": [
        0.7639189,
        0.4191339,
        -0.1799131,
        -0.0183615,
        0.4972066,
        0.961261
    ]
}
